{"n_epochs": 50, "batch_size": 64, "n_batches": 124, "optimizer": {"name": "SGD", "lr": 0.003, "momentum": 0.9}, "criterion": "CrossEntropyLoss", "weights": [0.08226946114328179, 0.3115853345625955, 0.3422889989173039, 0.05491053027127708, 0.021368691206047223, 0.11886842294466574, 0.06870856095482876]}