{"n_epochs": 50, "batch_size": 128, "n_batches": 62, "optimizer": {"name": "SGD", "lr": 0.005, "momentum": 0.9}, "criterion": "CrossEntropyLoss", "weights": [8.742105263157894, 33.10963455149502, 36.372262773722625, 5.834894613583138, 2.2706766917293235, 12.631178707224334, 7.301098901098901]}